Communauté,Région,Département,Commune,Zone,Zone_ID,Statut_PRCC,Jeunes_15_35,RPP,PS,Score_PRCC,Score_Jeunesse,Score_Proximite,Score_Densite,Score_Total,Latitude,Longitude
koulinto,Kolda,Kolda,Coumbacara,Zone 1 – Kolda & Sédhiou,1,EN COURS,88,Non,Non,30,3,15,0,48,12.683333,-14.433333
coumbacara,Kolda,Kolda,coumbacara,Zone 1 – Kolda & Sédhiou,1,EN COURS,567,Non,Non,30,20,15,0,65,12.71,-14.48
nianindiya,Kolda,Kolda,coumbacara,Zone 1 – Kolda & Sédhiou,1,EN COURS,128,Non,Non,30,8,15,0,53,12.72,-14.45
ainemady demba,Kolda,Kolda,coumbacara,Zone 1 – Kolda & Sédhiou,1,EN COURS,146,Non,Non,30,8,15,0,53,12.77,-14.54
diambour kombo,Kolda,Kolda,coumbacara,Zone 1 – Kolda & Sédhiou,1,EN COURS,146,Non,Non,30,8,15,0,53,12.74,-14.59
marewe demba mballo,Kolda,Kolda,coumbacara,Zone 1 – Kolda & Sédhiou,1,EN COURS,146,Non,Non,30,8,15,0,53,12.74,-14.59
marewe moussa,Kolda,Kolda,coumbacara,Zone 1 – Kolda & Sédhiou,1,EN COURS,146,Non,Non,30,8,15,0,53,12.78,-14.5
medina ansoumana,Kolda,Kolda,coumbacara,Zone 1 – Kolda & Sédhiou,1,EN COURS,146,Non,Non,30,8,15,0,53,12.76,-14.57
medina demba billo,Kolda,Kolda,coumbacara,Zone 1 – Kolda & Sédhiou,1,EN COURS,146,Non,Non,30,8,15,0,53,12.74,-14.36
medina yira niampayo,Kolda,Kolda,coumbacara,Zone 1 – Kolda & Sédhiou,1,EN COURS,146,Non,Non,30,8,15,0,53,12.76,-14.51
missira diomel,Kolda,Kolda,coumbacara,Zone 1 – Kolda & Sédhiou,1,EN COURS,146,Non,Non,30,8,15,0,53,12.78,-14.5
missira moussa,Kolda,Kolda,coumbacara,Zone 1 – Kolda & Sédhiou,1,EN COURS,146,Non,Non,30,8,15,0,53,12.75,-14.51
sare alette fady,Kolda,Kolda,coumbacara,Zone 1 – Kolda & Sédhiou,1,EN COURS,146,Non,Non,30,8,15,0,53,12.75,-14.5
sare karfa,Kolda,Kolda,coumbacara,Zone 1 – Kolda & Sédhiou,1,EN COURS,146,Non,Non,30,8,15,0,53,12.77,-14.5
sare lao bambe,Kolda,Kolda,coumbacara,Zone 1 – Kolda & Sédhiou,1,EN COURS,146,Non,Non,30,8,15,0,53,12.76,-14.56
sare niyel,Kolda,Kolda,coumbacara,Zone 1 – Kolda & Sédhiou,1,EN COURS,146,Non,Non,30,8,15,0,53,12.77,-14.51
sinthiang dabal,Kolda,Kolda,coumbacara,Zone 1 – Kolda & Sédhiou,1,EN COURS,146,Non,Non,30,8,15,0,53,12.76,-14.43
temento tobo,Kolda,Kolda,coumbacara,Zone 1 – Kolda & Sédhiou,1,EN COURS,146,Non,Non,30,8,15,0,53,12.76,-14.58
thiarape,Kolda,Kolda,coumbacara,Zone 1 – Kolda & Sédhiou,1,EN COURS,146,Non,Non,30,8,15,0,53,12.78,-14.51
koudora,Kolda,Kolda,coumbacara,Zone 1 – Kolda & Sédhiou,1,EN COURS,85,Non,Non,30,3,15,0,48,12.74,-14.59
Kandia,Kolda,Vélingara,Kandia,Zone 1 – Kolda & Sédhiou,1,Terminé 2010,551,Oui,Oui,3,20,15,15,53,13.083333,-14.233333
Médina  Marie Cissé I,Kolda,Vélingara,Kandia,Zone 1 – Kolda & Sédhiou,1,Terminé 2010,216,Oui,Oui,3,14,15,15,47,13.0783962,-14.0545411
Afia  Wambabé,Kolda,Vélingara,Kandia,Zone 1 – Kolda & Sédhiou,1,Terminé 2010,216,Oui,Non,3,14,15,8,40,13.0783962,-14.0545411
Lambatara  II,Kolda,Vélingara,Kandia,Zone 1 – Kolda & Sédhiou,1,Terminé 2010,216,Non,Oui,3,14,15,7,39,13.2,-14.266667
Lambatara I,Kolda,Vélingara,Kandia,Zone 1 – Kolda & Sédhiou,1,Terminé 2010,216,Non,Oui,3,14,15,7,39,13.2,-14.266667
Dialaka,Kolda,Vélingara,Kandia,Zone 1 – Kolda & Sédhiou,1,Terminé 2010,416,Non,Non,3,20,15,0,38,13.2,-14.183333
Saré Nagué,Kolda,Vélingara,Kandia,Zone 1 – Kolda & Sédhiou,1,Terminé 2010,410,Non,Non,3,20,15,0,38,13.0783962,-14.0545411
Afia Mbemba,Kolda,Vélingara,Linkéring,Zone 1 – Kolda & Sédhiou,1,Terminé 2018,216,Non,Oui,15,14,15,7,51,12.94926,-13.74553
Boumoung Sammaye,Kolda,Vélingara,Linkéring,Zone 1 – Kolda & Sédhiou,1,Terminé 2018,216,Non,Oui,15,14,15,7,51,12.94926,-13.74553
Dar Salam,Kolda,Vélingara,Linkéring,Zone 1 – Kolda & Sédhiou,1,Terminé 2018,216,Non,Oui,15,14,15,7,51,12.94926,-13.74553
Demaba Gnama,Kolda,Vélingara,Linkéring,Zone 1 – Kolda & Sédhiou,1,Terminé 2018,216,Non,Oui,15,14,15,7,51,12.94926,-13.74553
Linkéring/Quartier Sinthiang Houlata1,Kolda,Vélingara,Linkéring,Zone 1 – Kolda & Sédhiou,1,Terminé 2018,216,Non,Oui,15,14,15,7,51,12.94926,-13.74553
Missirah Samba (Mougniny),Kolda,Vélingara,Linkéring,Zone 1 – Kolda & Sédhiou,1,Terminé 2018,216,Non,Oui,15,14,15,7,51,12.94926,-13.74553
Tonguiya,Kolda,Vélingara,Linkéring,Zone 1 – Kolda & Sédhiou,1,Terminé 2018,216,Non,Oui,15,14,15,7,51,12.833333,-13.7
Wadiyatoulaye,Kolda,Vélingara,Linkéring,Zone 1 – Kolda & Sédhiou,1,Terminé 2018,216,Non,Oui,15,14,15,7,51,12.94926,-13.74553
Linkéring,Kolda,Vélingara,Linkéring,Zone 1 – Kolda & Sédhiou,1,Terminé 2010,1329,Non,Non,3,25,15,0,43,12.94926,-13.74553
Temento Pakane,Kolda,Vélingara,Linkéring,Zone 1 – Kolda & Sédhiou,1,Terminé 2018,92,Non,Oui,15,3,15,7,40,12.94926,-13.74553
Barkatou,Kolda,Vélingara,Linkéring,Zone 1 – Kolda & Sédhiou,1,Terminé 2010,216,Oui,Non,3,14,15,8,40,12.94926,-13.74553
Lislam,Kolda,Vélingara,Linkéring,Zone 1 – Kolda & Sédhiou,1,Terminé 2010,216,Oui,Non,3,14,15,8,40,12.94926,-13.74553
Dioumana,Kolda,Médina Yoro Foulah,Ndorna,Zone 1 – Kolda & Sédhiou,1,Terminé 2015,107,Oui,Non,8,8,15,8,39,13.2079245,-15.1437652
Gonbantang  Fodé (saré dembouga),Kolda,Médina Yoro Foulah,Ndorna,Zone 1 – Kolda & Sédhiou,1,Terminé 2015,107,Oui,Non,8,8,15,8,39,13.2079245,-15.1437652
Saré Kanta,Kolda,Médina Yoro Foulah,Ndorna,Zone 1 – Kolda & Sédhiou,1,Terminé 2015,107,Oui,Non,8,8,15,8,39,13.2079245,-15.1437652
Saré Simaly,Kolda,Médina Yoro Foulah,Ndorna,Zone 1 – Kolda & Sédhiou,1,Terminé 2015,107,Oui,Non,8,8,15,8,39,13.2079245,-15.1437652
Sindianding,Kolda,Médina Yoro Foulah,Ndorna,Zone 1 – Kolda & Sédhiou,1,Terminé 2015,107,Oui,Non,8,8,15,8,39,13.2079245,-15.1437652
Vélingara Pakane,Kolda,Vélingara,linkering,Zone 1 – Kolda & Sédhiou,1,Terminé 2018,216,Non,Oui,15,14,15,7,51,12.94926,-13.74553
Sobouldé,Kolda,Médina Yoro Foulah,ndorna,Zone 1 – Kolda & Sédhiou,1,Terminé 2012,413,Oui,Non,3,20,15,8,46,13.166667,-15.1
Ndorna,Kolda,Médina Yoro Foulah,ndorna,Zone 1 – Kolda & Sédhiou,1,Terminé 2012,206,Oui,Non,3,14,15,8,40,13.166667,-15.033333
Saré  Sény,Kolda,Médina Yoro Foulah,ndorna,Zone 1 – Kolda & Sédhiou,1,Terminé 2015,107,Oui,Non,8,8,15,8,39,13.05,-15.166667
Sinthiang Pathé Dianambé,Kolda,Médina Yoro Foulah,ndorna,Zone 1 – Kolda & Sédhiou,1,Terminé 2015,107,Oui,Non,8,8,15,8,39,13.2079245,-15.1437652
Sanankoro,Kolda,Médina Yoro Foulah,Bignarabé,Zone 1 – Kolda & Sédhiou,1,Terminé 2023,125,Oui,Oui,25,8,15,15,63,12.9258472,-14.8863348
Saré Bacary Wassa,Kolda,Médina Yoro Foulah,Bignarabé,Zone 1 – Kolda & Sédhiou,1,Terminé 2023,107,Oui,Oui,25,8,15,15,63,12.9261783,-14.8834031
saré Madiw,Kolda,Médina Yoro Foulah,Bignarabé,Zone 1 – Kolda & Sédhiou,1,Terminé 2023,107,Oui,Oui,25,8,15,15,63,12.9261783,-14.8834031
Saré Diatta Mballo,Kolda,Médina Yoro Foulah,Bignarabé,Zone 1 – Kolda & Sédhiou,1,Terminé 2023,77,Oui,Oui,25,3,15,15,58,12.9117558,-14.887914
Mankagny Sory (Boussoura sory),Kolda,Médina Yoro Foulah,Bignarabé,Zone 1 – Kolda & Sédhiou,1,Terminé 2015,107,Oui,Non,8,8,15,8,39,12.9261783,-14.8834031
Hamdallaye Alpha,Kolda,Médina Yoro Foulah,Niaming,Zone 1 – Kolda & Sédhiou,1,Terminé 2011,246,Oui,Non,3,14,15,8,40,13.333333,-14.6
Sinthiang Demba Sira,Kolda,Médina Yoro Foulah,Niaming,Zone 1 – Kolda & Sédhiou,1,Terminé 2015,107,Oui,Non,8,8,15,8,39,13.3124764,-14.7602178
Tabanany (Yéro Egué),Kolda,Médina Yoro Foulah,Niaming,Zone 1 – Kolda & Sédhiou,1,Terminé 2015,107,Oui,Non,8,8,15,8,39,13.3124764,-14.7602178
Gallouyel Demba,Kolda,Médina Yoro Foulah,bignarabe,Zone 1 – Kolda & Sédhiou,1,Terminé 2023,107,Oui,Oui,25,8,15,15,63,12.9261783,-14.8834031
Saré Guiro,Kolda,Médina Yoro Foulah,bignarabe,Zone 1 – Kolda & Sédhiou,1,Terminé 2023,107,Oui,Oui,25,8,15,15,63,12.946504,-14.8550544
Saré Hamidou Diao,Kolda,Médina Yoro Foulah,bignarabe,Zone 1 – Kolda & Sédhiou,1,Terminé 2023,107,Oui,Oui,25,8,15,15,63,12.9261783,-14.8834031
Saré Samba DIAO,Kolda,Médina Yoro Foulah,bignarabe,Zone 1 – Kolda & Sédhiou,1,Terminé 2023,107,Oui,Oui,25,8,15,15,63,12.991098,-14.9241221
Sinthiang Coly,Kolda,Médina Yoro Foulah,bignarabe,Zone 1 – Kolda & Sédhiou,1,Terminé 2023,107,Oui,Oui,25,8,15,15,63,12.9261783,-14.8834031
Témento Samba,Kolda,Médina Yoro Foulah,bignarabe,Zone 1 – Kolda & Sédhiou,1,Terminé 2023,107,Oui,Oui,25,8,15,15,63,12.9261783,-14.8834031
Tamassanka,Kolda,Médina Yoro Foulah,bignarabe,Zone 1 – Kolda & Sédhiou,1,Terminé 2023,82,Oui,Oui,25,3,15,15,58,12.9292347,-14.9271196
Sossoutou,Kolda,Médina Yoro Foulah,bignarabe,Zone 1 – Kolda & Sédhiou,1,Terminé 2015,107,Oui,Non,8,8,15,8,39,12.9261783,-14.8834031
Kibassa,Kolda,Médina Yoro Foulah,niaming,Zone 1 – Kolda & Sédhiou,1,Terminé 2011,270,Oui,Non,3,14,15,8,40,13.3240953,-14.7754945
Maréwé Kéléfa,Kolda,Médina Yoro Foulah,niaming,Zone 1 – Kolda & Sédhiou,1,Terminé 2015,107,Oui,Non,8,8,15,8,39,13.3124764,-14.7602178
Marewe,Kolda,Vélingara,Kounkané,Zone 1 – Kolda & Sédhiou,1,Terminé 2006,457,Oui,Non,3,20,15,8,46,12.9300502,-14.0798839
Bari Counda,Kolda,Vélingara,Kounkané,Zone 1 – Kolda & Sédhiou,1,Terminé 2006,216,Oui,Non,3,14,15,8,40,12.716667,-14.033333
Bati,Kolda,Vélingara,Kounkané,Zone 1 – Kolda & Sédhiou,1,Terminé 2006,216,Oui,Non,3,14,15,8,40,12.9300502,-14.0798839
Goundaga,Kolda,Vélingara,Kounkané,Zone 1 – Kolda & Sédhiou,1,Terminé 2006,216,Oui,Non,3,14,15,8,40,12.866667,-14.066667
Sare Mady,Kolda,Vélingara,Kounkané,Zone 1 – Kolda & Sédhiou,1,Terminé 2006,216,Oui,Non,3,14,15,8,40,12.9300502,-14.0798839
Sare Yeroyel,Kolda,Vélingara,Kounkané,Zone 1 – Kolda & Sédhiou,1,Terminé 2006,468,Non,Non,3,20,15,0,38,13.1,-14.083333
Kéréwane,Kolda,Médina Yoro Foulah,kerewane,Zone 1 – Kolda & Sédhiou,1,Terminé 2010,838,Non,Non,3,25,15,0,43,13.433333,-14.983333
Darou Salam Amadou DIALLO,Kolda,Médina Yoro Foulah,Koulinto,Zone 1 – Kolda & Sédhiou,1,Terminé 2023,107,Oui,Oui,25,8,11,15,59,13.2079245,-15.1437652
Touba Sankoung,Kolda,Médina Yoro Foulah,Koulinto,Zone 1 – Kolda & Sédhiou,1,Terminé 2023,86,Oui,Oui,25,3,11,15,54,13.0485821,-14.8803375
Koulinto,Kolda,Médina Yoro Foulah,Koulinto,Zone 1 – Kolda & Sédhiou,1,Terminé 2023,62,Oui,Oui,25,3,11,15,54,13.033333,-14.8
Kokolé Diarga,Kolda,Médina Yoro Foulah,koulinto,Zone 1 – Kolda & Sédhiou,1,Terminé 2023,107,Oui,Oui,25,8,11,15,59,13.2079245,-15.1437652
Kounousse Dialimang,Kolda,Médina Yoro Foulah,koulinto,Zone 1 – Kolda & Sédhiou,1,Terminé 2023,107,Oui,Oui,25,8,11,15,59,13.2079245,-15.1437652
Saré Konko,Kolda,Médina Yoro Foulah,koulinto,Zone 1 – Kolda & Sédhiou,1,Terminé 2023,107,Oui,Oui,25,8,11,15,59,12.9997976,-14.832531
Saré Koupé,Kolda,Médina Yoro Foulah,koulinto,Zone 1 – Kolda & Sédhiou,1,Terminé 2023,107,Oui,Oui,25,8,11,15,59,13.2079245,-15.1437652
Saré Yaya Mballo,Kolda,Médina Yoro Foulah,koulinto,Zone 1 – Kolda & Sédhiou,1,Terminé 2023,107,Oui,Oui,25,8,11,15,59,13.083333,-14.883333
Kamboua,Kolda,Kolda,Salikégné,Zone 1 – Kolda & Sédhiou,1,Terminé 2011,271,Oui,Non,3,14,11,8,36,12.7,-14.766667
Mankacounda,Kolda,Vélingara,Némataba,Zone 1 – Kolda & Sédhiou,1,Terminé 2011,344,Oui,Oui,3,14,11,15,43,13.2277887,-14.071639
Némataba,Kolda,Vélingara,Némataba,Zone 1 – Kolda & Sédhiou,1,Terminé 2011,256,Oui,Oui,3,14,11,15,43,13.216667,-14.083333
Saré Birou,Kolda,Vélingara,nemataba,Zone 1 – Kolda & Sédhiou,1,Terminé 2011,216,Oui,Oui,3,14,11,15,43,13.2,-14.083333
Badion,Kolda,Médina Yoro Foulah,badion,Zone 1 – Kolda & Sédhiou,1,Terminé 2012,386,Oui,Non,3,14,11,8,36,13.083333,-14.35
Abecouta,Kolda,Médina Yoro Foulah,dinguiraye,Zone 1 – Kolda & Sédhiou,1,Terminé 2012,349,Oui,Non,3,14,11,8,36,13.333333,-14.616667
Dinguiraye,Kolda,Médina Yoro Foulah,dinguiraye,Zone 1 – Kolda & Sédhiou,1,Terminé 2012,311,Oui,Non,3,14,11,8,36,13.3,-14.616667
Sanka,Kolda,Kolda,medina_el_hadj,Zone 1 – Kolda & Sédhiou,1,Terminé 2018,158,Non,Oui,15,8,11,7,41,12.683333,-14.933333
Bérécolon,Kolda,Kolda,medina_el_hadj,Zone 1 – Kolda & Sédhiou,1,Terminé 2018,156,Non,Oui,15,8,11,7,41,12.7064339,-15.0022534
Linkéring Kanfodiang,Kolda,Kolda,medina_el_hadj,Zone 1 – Kolda & Sédhiou,1,Terminé 2018,146,Non,Oui,15,8,11,7,41,12.7487445,-14.9054721
Saré Gardi,Kolda,Kolda,medina_el_hadj,Zone 1 – Kolda & Sédhiou,1,Terminé 2018,146,Non,Oui,15,8,11,7,41,12.766667,-14.916667
Saré Ndiaye Maoundé,Kolda,Kolda,medina_el_hadj,Zone 1 – Kolda & Sédhiou,1,Terminé 2018,146,Non,Oui,15,8,11,7,41,12.6896293,-14.9380357
Saré Samboudiang,Kolda,Kolda,medina_el_hadj,Zone 1 – Kolda & Sédhiou,1,Terminé 2018,146,Non,Oui,15,8,11,7,41,12.8,-14.933333
Saré Waly,Kolda,Kolda,medina_el_hadj,Zone 1 – Kolda & Sédhiou,1,Terminé 2018,146,Non,Oui,15,8,11,7,41,12.8,-14.85
Kanwaly,Kolda,Kolda,medina_el_hadj,Zone 1 – Kolda & Sédhiou,1,Terminé 2018,83,Non,Oui,15,3,11,7,36,12.7487445,-14.9054721
Bantacountou Maoundé,Kolda,Kolda,Médina El Hadj,Zone 1 – Kolda & Sédhiou,1,Terminé 2018,146,Non,Oui,15,8,7,7,37,12.766667,-14.95
Saré Yéro Diao Soutou,Kolda,Kolda,Tankanto Escale,Zone 1 – Kolda & Sédhiou,1,Terminé 2015,251,Oui,Non,8,14,7,8,37,12.8239324,-14.8715717
Sinthiang Sana,Kolda,Médina Yoro Foulah,,Zone 1 – Kolda & Sédhiou,1,Terminé 2023,107,Oui,Oui,25,8,0,15,48,13.2079245,-15.1437652
Boumouda Soucoto,Sédhiou,Sédhiou,Djirédji,Zone 1 – Kolda & Sédhiou,1,Terminé 2023,478,Non,Oui,25,20,15,7,67,12.64,-15.924722
Badjicounda Baïnouck,Sédhiou,Sédhiou,Djirédji,Zone 1 – Kolda & Sédhiou,1,Terminé 2023,187,Non,Oui,25,8,15,7,55,12.682222,-15.86
Boumouda Soucouto,Sédhiou,Sédhiou,Djirédji,Zone 1 – Kolda & Sédhiou,1,Terminé 2023,187,Non,Oui,25,8,15,7,55,12.64,-15.924722
Karantaba koto,Sédhiou,Sédhiou,Djirédji,Zone 1 – Kolda & Sédhiou,1,Terminé 2023,187,Non,Oui,25,8,15,7,55,12.6199491,-15.7710162
Kocoumba,Sédhiou,Sédhiou,Djirédji,Zone 1 – Kolda & Sédhiou,1,Terminé 2023,187,Non,Oui,25,8,15,7,55,12.633333,-15.833333
Singhère Baïnouck,Sédhiou,Sédhiou,Djirédji,Zone 1 – Kolda & Sédhiou,1,Terminé 2023,187,Non,Oui,25,8,15,7,55,12.6199491,-15.7710162
Dakabantang,Sédhiou,Sédhiou,djiredji,Zone 1 – Kolda & Sédhiou,1,Terminé 2023,456,Non,Oui,25,20,15,7,67,12.616667,-15.75
Singhère Mandingue,Sédhiou,Sédhiou,djiredji,Zone 1 – Kolda & Sédhiou,1,Terminé 2023,187,Oui,Oui,25,8,15,15,63,12.671389,-15.91
Diagnonding,Sédhiou,Sédhiou,djiredji,Zone 1 – Kolda & Sédhiou,1,Terminé 2023,229,Non,Oui,25,14,15,7,61,12.6199491,-15.7710162
Balmadou,Sédhiou,Sédhiou,djiredji,Zone 1 – Kolda & Sédhiou,1,Terminé 2023,200,Non,Oui,25,14,15,7,61,12.623333,-15.859167
Samé,Sédhiou,Sédhiou,djiredji,Zone 1 – Kolda & Sédhiou,1,Terminé 2023,122,Non,Oui,25,8,15,7,55,12.6199491,-15.7710162
Woyoto,Sédhiou,Sédhiou,djiredji,Zone 1 – Kolda & Sédhiou,1,Terminé 2023,118,Non,Oui,25,8,15,7,55,12.65,-15.783333
Djirédji,Sédhiou,Sédhiou,djiredji,Zone 1 – Kolda & Sédhiou,1,Terminé 2023,187,Non,Oui,25,8,15,7,55,12.616111,-15.786111
Linkéto,Sédhiou,Sédhiou,djiredji,Zone 1 – Kolda & Sédhiou,1,Terminé 2023,187,Non,Oui,25,8,15,7,55,12.706389,-15.810833
Mané Counda,Sédhiou,Sédhiou,djiredji,Zone 1 – Kolda & Sédhiou,1,Terminé 2023,187,Non,Oui,25,8,15,7,55,12.628611,-15.746667
Médina Souané,Sédhiou,Sédhiou,djiredji,Zone 1 – Kolda & Sédhiou,1,Terminé 2023,187,Non,Oui,25,8,15,7,55,12.6199491,-15.7710162
Témento,Sédhiou,Sédhiou,djiredji,Zone 1 – Kolda & Sédhiou,1,Terminé 2023,187,Non,Oui,25,8,15,7,55,12.631874,-15.7699727
Tintinkom,Sédhiou,Sédhiou,djiredji,Zone 1 – Kolda & Sédhiou,1,Terminé 2023,187,Non,Oui,25,8,15,7,55,12.618333,-15.785
Touba Mandingue,Sédhiou,Sédhiou,djiredji,Zone 1 – Kolda & Sédhiou,1,Terminé 2023,187,Non,Oui,25,8,15,7,55,12.6199491,-15.7710162
Béréto,Sédhiou,Sédhiou,djiredji,Zone 1 – Kolda & Sédhiou,1,Terminé 2023,72,Non,Oui,25,3,15,7,50,12.6199491,-15.7710162
Kitim,Sédhiou,Goudomp,Niagha,Zone 1 – Kolda & Sédhiou,1,Terminé 2015,268,Oui,Non,8,14,15,8,45,12.6778574,-15.3436085
Bamary,Sédhiou,Goudomp,Niagha,Zone 1 – Kolda & Sédhiou,1,Terminé 2015,217,Oui,Non,8,14,15,8,45,12.6699581,-15.3144814
Kaolack  Saré Diatta),Sédhiou,Goudomp,Niagha,Zone 1 – Kolda & Sédhiou,1,Terminé 2015,217,Oui,Non,8,14,15,8,45,12.6554622,-15.4277365
Mady,Sédhiou,Goudomp,Niagha,Zone 1 – Kolda & Sédhiou,1,Terminé 2015,217,Oui,Non,8,14,15,8,45,12.6554622,-15.4277365
Santandiang,Sédhiou,Goudomp,Niagha,Zone 1 – Kolda & Sédhiou,1,Terminé 2015,217,Oui,Non,8,14,15,8,45,12.6675,-15.364444
Sinthiou Diahé,Sédhiou,Goudomp,Niagha,Zone 1 – Kolda & Sédhiou,1,Terminé 2015,217,Oui,Non,8,14,15,8,45,12.6554622,-15.4277365
Winthiaco Niako,Sédhiou,Goudomp,Niagha,Zone 1 – Kolda & Sédhiou,1,Terminé 2016,217,Non,Oui,8,14,15,7,44,12.6554622,-15.4277365
Niagha,Sédhiou,Goudomp,niagha,Zone 1 – Kolda & Sédhiou,1,Terminé 2012,305,Oui,Oui,3,14,15,15,47,12.7073734,-15.2664038
Fanka Birassou,Sédhiou,Goudomp,niagha,Zone 1 – Kolda & Sédhiou,1,Terminé 2016,217,Non,Oui,8,14,15,7,44,12.6554622,-15.4277365
Francounda,Sédhiou,Sédhiou,Bambaly,Zone 1 – Kolda & Sédhiou,1,Terminé 2018,447,Non,Oui,15,20,11,7,53,12.6375,-15.674722
Badiary,Sédhiou,Sédhiou,Bambaly,Zone 1 – Kolda & Sédhiou,1,Terminé 2018,335,Non,Oui,15,14,11,7,47,12.625278,-15.564722
Maroncounda,Sédhiou,Sédhiou,Bambaly,Zone 1 – Kolda & Sédhiou,1,Terminé 2018,239,Non,Oui,15,14,11,7,47,12.569722,-15.641944
Nguindir,Sédhiou,Sédhiou,Bambaly,Zone 1 – Kolda & Sédhiou,1,Terminé 2011,488,Oui,Non,3,20,11,8,42,12.6199491,-15.7710162
Malifara,Sédhiou,Sédhiou,bambaly,Zone 1 – Kolda & Sédhiou,1,Terminé 2018,97,Oui,Oui,15,3,11,15,44,12.608611,-15.584444
Kandiadiou,Sédhiou,Bounkiling,Diaroumé,Zone 1 – Kolda & Sédhiou,1,Terminé 2011,645,Oui,Non,3,20,11,8,42,13.001389,-15.617222
Kandiounkou,Sédhiou,Bounkiling,Diaroumé,Zone 1 – Kolda & Sédhiou,1,Terminé 2011,611,Oui,Non,3,20,11,8,42,13.000833,-15.648056
Diacounda,Sédhiou,Bounkiling,Diacounda,Zone 1 – Kolda & Sédhiou,1,Terminé 2006,685,Non,Oui,3,20,11,7,41,12.9662895044,-15.9562003088
Sansancoutoto,Sédhiou,Goudomp,Simbandi Brassou,Zone 1 – Kolda & Sédhiou,1,Terminé 2015,544,Oui,Non,8,20,11,8,47,12.6554622,-15.4277365
Karoumbou,Sédhiou,Goudomp,Simbandi Brassou,Zone 1 – Kolda & Sédhiou,1,Terminé 2015,503,Oui,Non,8,20,11,8,47,12.578056,-15.444444
Bissassou Santo,Sédhiou,Goudomp,Simbandi Brassou,Zone 1 – Kolda & Sédhiou,1,Terminé 2015,412,Oui,Non,8,20,11,8,47,12.5954764,-15.4297025
Bissassou Douma,Sédhiou,Goudomp,Simbandi Brassou,Zone 1 – Kolda & Sédhiou,1,Terminé 2015,365,Oui,Non,8,14,11,8,41,12.566667,-15.416667
BAMBADINKA,Tambacounda,Goudiry,komoty,Zone 2 – Tambacounda & Kédougou,2,Terminé 2023,103,Oui,Oui,25,8,15,15,63,13.491016,-12.8851613
Diougol foulbé,Tambacounda,Goudiry,komoty,Zone 2 – Tambacounda & Kédougou,2,Terminé 2023,103,Oui,Oui,25,8,15,15,63,13.6767631,-12.660522
Gourel ndiobo,Tambacounda,Goudiry,komoty,Zone 2 – Tambacounda & Kédougou,2,Terminé 2023,103,Oui,Oui,25,8,15,15,63,13.6767631,-12.660522
BERMA,Tambacounda,Goudiry,komoty,Zone 2 – Tambacounda & Kédougou,2,Terminé 2023,47,Oui,Oui,25,3,15,15,58,13.6767631,-12.660522
BAGADADJI,Tambacounda,Goudiry,komoty,Zone 2 – Tambacounda & Kédougou,2,Terminé 2023,135,Non,Oui,25,8,15,7,55,14.0191877,-13.1653839
SAROUDIA,Tambacounda,Goudiry,komoty,Zone 2 – Tambacounda & Kédougou,2,Terminé 2023,130,Non,Oui,25,8,15,7,55,13.480793,-12.912862
DJIPOUNDE Thiéwé,Tambacounda,Goudiry,komoty,Zone 2 – Tambacounda & Kédougou,2,Terminé 2023,103,Non,Oui,25,8,15,7,55,13.6767631,-12.660522
KENIEKENIEKO,Tambacounda,Goudiry,komoty,Zone 2 – Tambacounda & Kédougou,2,Terminé 2023,103,Non,Oui,25,8,15,7,55,13.6767631,-12.660522
KENIOTO,Tambacounda,Goudiry,komoty,Zone 2 – Tambacounda & Kédougou,2,Terminé 2023,103,Non,Oui,25,8,15,7,55,13.6767631,-12.660522
MADINA THIANGOL,Tambacounda,Goudiry,komoty,Zone 2 – Tambacounda & Kédougou,2,Terminé 2023,103,Non,Oui,25,8,15,7,55,13.6767631,-12.660522
NEEMA,Tambacounda,Goudiry,komoty,Zone 2 – Tambacounda & Kédougou,2,Terminé 2023,103,Non,Oui,25,8,15,7,55,13.6767631,-12.660522
NIANTAFARA,Tambacounda,Goudiry,komoty,Zone 2 – Tambacounda & Kédougou,2,Terminé 2023,103,Non,Oui,25,8,15,7,55,13.6767631,-12.660522
SOUKOUTOLA,Tambacounda,Goudiry,komoty,Zone 2 – Tambacounda & Kédougou,2,Terminé 2023,103,Non,Oui,25,8,15,7,55,13.6767631,-12.660522
TALIKORY,Tambacounda,Goudiry,komoty,Zone 2 – Tambacounda & Kédougou,2,Terminé 2023,103,Non,Oui,25,8,15,7,55,13.6767631,-12.660522
Bagadadji,Tambacounda,Goudiry,komoty,Zone 2 – Tambacounda & Kédougou,2,Terminé 2018,135,Oui,Oui,15,8,15,15,53,14.0191877,-13.1653839
BANGOUL,Tambacounda,Goudiry,Bala,Zone 2 – Tambacounda & Kédougou,2,Terminé 2023,103,Oui,Oui,25,8,15,15,63,14.0191877,-13.1653839
DIDE LOUNTHIE,Tambacounda,Goudiry,Bala,Zone 2 – Tambacounda & Kédougou,2,Terminé 2023,103,Non,Oui,25,8,15,7,55,14.0191877,-13.1653839
Mayo Boubou Ayssé,Tambacounda,Goudiry,Goumbayel,Zone 2 – Tambacounda & Kédougou,2,Terminé 2023,103,Oui,Oui,25,8,15,15,63,14.0191877,-13.1653839
Gourel Tongoude,Tambacounda,Goudiry,Goumbayel,Zone 2 – Tambacounda & Kédougou,2,Terminé 2023,103,Non,Oui,25,8,15,7,55,14.0191877,-13.1653839
Bala Est,Tambacounda,Goudiry,bala,Zone 2 – Tambacounda & Kédougou,2,Terminé 2023,103,Oui,Oui,25,8,15,15,63,14.0191877,-13.1653839
Bala Pont,Tambacounda,Goudiry,bala,Zone 2 – Tambacounda & Kédougou,2,Terminé 2023,103,Oui,Oui,25,8,15,15,63,14.0191877,-13.1653839
Ndioum Samba Camara,Tambacounda,Goudiry,bala,Zone 2 – Tambacounda & Kédougou,2,Terminé 2023,103,Oui,Oui,25,8,15,15,63,13.9387641,-13.2231698
Sinthiou Maka,Tambacounda,Goudiry,bala,Zone 2 – Tambacounda & Kédougou,2,Terminé 2023,103,Oui,Oui,25,8,15,15,63,13.833333,-13.133333
Gourel Younousse,Tambacounda,Goudiry,bala,Zone 2 – Tambacounda & Kédougou,2,Terminé 2023,103,Non,Oui,25,8,15,7,55,14.0191877,-13.1653839
Sabou Ciré,Tambacounda,Goudiry,bala,Zone 2 – Tambacounda & Kédougou,2,Terminé 2023,103,Non,Oui,25,8,15,7,55,14.0191877,-13.1653839
Bala mboulou,Tambacounda,Goudiry,goumbayel,Zone 2 – Tambacounda & Kédougou,2,Terminé 2023,103,Oui,Oui,25,8,15,15,63,13.583333,-13.15
Gourel Foula,Tambacounda,Goudiry,goumbayel,Zone 2 – Tambacounda & Kédougou,2,Terminé 2023,103,Oui,Oui,25,8,15,15,63,14.0191877,-13.1653839
koundel,Tambacounda,Goudiry,goumbayel,Zone 2 – Tambacounda & Kédougou,2,Terminé 2023,103,Oui,Oui,25,8,15,15,63,14.0191877,-13.1653839
Samba Guita,Tambacounda,Goudiry,goumbayel,Zone 2 – Tambacounda & Kédougou,2,Terminé 2023,103,Oui,Oui,25,8,15,15,63,13.5503565,-13.2052335
Sinthiou Mamadou Koupa,Tambacounda,Goudiry,goumbayel,Zone 2 – Tambacounda & Kédougou,2,Terminé 2023,103,Oui,Oui,25,8,15,15,63,13.716667,-13.3
Goumbayel,Tambacounda,Goudiry,goumbayel,Zone 2 – Tambacounda & Kédougou,2,Terminé 2018,620,Non,Oui,15,20,15,7,57,13.683333,-13.166667
Bofouloung,Tambacounda,Goudiry,goumbayel,Zone 2 – Tambacounda & Kédougou,2,Terminé 2023,103,Non,Oui,25,8,15,7,55,14.0191877,-13.1653839
Boké Gagna,Tambacounda,Goudiry,goumbayel,Zone 2 – Tambacounda & Kédougou,2,Terminé 2023,103,Non,Oui,25,8,15,7,55,14.0191877,-13.1653839
Hamdallaye,Tambacounda,Goudiry,goumbayel,Zone 2 – Tambacounda & Kédougou,2,Terminé 2023,103,Non,Oui,25,8,15,7,55,14.0191877,-13.1653839
bala Foulbé,Tambacounda,Goudiry,goumbayel,Zone 2 – Tambacounda & Kédougou,2,Terminé 2018,103,Oui,Oui,15,8,15,15,53,13.633333,-13.1
Gourel maayo,Tambacounda,Goudiry,goumbayel,Zone 2 – Tambacounda & Kédougou,2,Terminé 2018,103,Oui,Oui,15,8,15,15,53,14.0191877,-13.1653839
Kanioubé,Tambacounda,Goudiry,goumbayel,Zone 2 – Tambacounda & Kédougou,2,Terminé 2018,103,Oui,Oui,15,8,15,15,53,13.583333,-13.266667
Madina Diouna,Tambacounda,Goudiry,goumbayel,Zone 2 – Tambacounda & Kédougou,2,Terminé 2018,103,Oui,Oui,15,8,15,15,53,14.0191877,-13.1653839
Sinbane Mamoudou,Tambacounda,Goudiry,goumbayel,Zone 2 – Tambacounda & Kédougou,2,Terminé 2018,103,Oui,Oui,15,8,15,15,53,14.0191877,-13.1653839
Gabou,Tambacounda,Bakel,Gabou,Zone 2 – Tambacounda & Kédougou,2,Terminé 2012,1504,Non,Non,3,25,15,0,43,14.727755,-12.525368
Saré Thierno,Tambacounda,Goudiry,koulor,Zone 2 – Tambacounda & Kédougou,2,Terminé 2018,103,Oui,Oui,15,8,15,15,53,14.1863831,-12.7192415
Back-Backe,Kédougou,Salemata,Oubadji,Zone 2 – Tambacounda & Kédougou,2,Terminé 2023,73,Non,Oui,25,3,7,7,42,12.6307709,-12.7889453
Egnidine,Kédougou,Salemata,Oubadji,Zone 2 – Tambacounda & Kédougou,2,Terminé 2023,73,Non,Oui,25,3,7,7,42,12.6307709,-12.7889453
Yamana,Kédougou,Salemata,Oubadji,Zone 2 – Tambacounda & Kédougou,2,Terminé 2023,73,Non,Oui,25,3,7,7,42,12.6307709,-12.7889453
Edalé,Kédougou,Salemata,oubadji,Zone 2 – Tambacounda & Kédougou,2,Terminé 2023,50,Non,Oui,25,3,7,7,42,12.666667,-13.05
Amoune,Kédougou,Salemata,oubadji,Zone 2 – Tambacounda & Kédougou,2,Terminé 2023,73,Non,Oui,25,3,7,7,42,12.632517,-13.0408556
Baguine,Kédougou,Salemata,oubadji,Zone 2 – Tambacounda & Kédougou,2,Terminé 2023,73,Non,Oui,25,3,7,7,42,12.6307709,-12.7889453
Boudjine,Kédougou,Salemata,oubadji,Zone 2 – Tambacounda & Kédougou,2,Terminé 2023,73,Non,Oui,25,3,7,7,42,12.6307709,-12.7889453
Eganga,Kédougou,Salemata,darsalam,Zone 2 – Tambacounda & Kédougou,2,Terminé 2023,91,Non,Oui,25,3,7,7,42,12.6307709,-12.7889453
Edine,Kédougou,Salemata,darsalam,Zone 2 – Tambacounda & Kédougou,2,Terminé 2023,31,Non,Oui,25,3,7,7,42,12.5528886,-12.8581891
Djirine,Kédougou,Salemata,darsalam,Zone 2 – Tambacounda & Kédougou,2,Terminé 2023,9,Non,Oui,25,3,7,7,42,12.5513,-12.7901
Epingué Bassari,Kédougou,Salemata,darsalam,Zone 2 – Tambacounda & Kédougou,2,Terminé 2023,73,Non,Oui,25,3,7,7,42,12.6307709,-12.7889453
Ingathitik,Kédougou,Salemata,darsalam,Zone 2 – Tambacounda & Kédougou,2,Terminé 2023,73,Non,Oui,25,3,7,7,42,12.6307709,-12.7889453
Nangar Bassari,Kédougou,Salemata,darsalam,Zone 2 – Tambacounda & Kédougou,2,Terminé 2023,73,Non,Oui,25,3,7,7,42,12.6307709,-12.7889453
Ebarack,Kédougou,Salemata,ethiolo,Zone 2 – Tambacounda & Kédougou,2,Terminé 2023,116,Non,Oui,25,8,7,7,47,12.6331,-12.8729
Egnissara,Kédougou,Salemata,ethiolo,Zone 2 – Tambacounda & Kédougou,2,Terminé 2023,75,Non,Oui,25,3,7,7,42,12.6102,-12.8664
Atoumar,Kédougou,Salemata,ethiolo,Zone 2 – Tambacounda & Kédougou,2,Terminé 2023,58,Non,Oui,25,3,7,7,42,12.589336,-12.856031
Edane,Kédougou,Salemata,ethiolo,Zone 2 – Tambacounda & Kédougou,2,Terminé 2023,52,Non,Oui,25,3,7,7,42,12.5479,-12.8291
Goumo,Kédougou,Salemata,ethiolo,Zone 2 – Tambacounda & Kédougou,2,Terminé 2023,73,Non,Oui,25,3,7,7,42,12.5913,-12.8053
Ranérou,Matam,Ranérou Ferlo,Vélingara,Zone 3 – Matam,3,Terminé 2014,921,Non,Non,8,25,15,0,48,15.0020653,-14.680647
BOULONE THIEWEKE,Matam,Ranérou Ferlo,Vélingara,Zone 3 – Matam,3,Terminé 2025,70,Non,Non,25,3,15,0,43,15.0020653,-14.680647
LAMMA,Matam,Ranérou Ferlo,Vélingara,Zone 3 – Matam,3,Terminé 2025,70,Non,Non,25,3,15,0,43,15.0020653,-14.680647
MEDINA THIANGOL,Matam,Ranérou Ferlo,Vélingara,Zone 3 – Matam,3,Terminé 2025,70,Non,Non,25,3,15,0,43,15.0020653,-14.680647
THIONOKH DIABY,Matam,Ranérou Ferlo,Vélingara,Zone 3 – Matam,3,Terminé 2022,136,Non,Non,15,8,15,0,38,15.0020653,-14.680647
BOULY BOGUEL,Matam,Ranérou Ferlo,Vélingara,Zone 3 – Matam,3,Terminé 2022,96,Non,Non,15,3,15,0,33,14.733333,-14.5
WENDOU ILO,Matam,Ranérou Ferlo,Vélingara,Zone 3 – Matam,3,Terminé 2022,63,Non,Non,15,3,15,0,33,15.0020653,-14.680647
Loumbol Daka,Matam,Ranérou Ferlo,Vélingara,Zone 3 – Matam,3,Terminé 2018,51,Non,Non,15,3,15,0,33,15.0020653,-14.680647
LOUMBI DIABY,Matam,Ranérou Ferlo,Vélingara,Zone 3 – Matam,3,Terminé 2022,49,Non,Non,15,3,15,0,33,15.0020653,-14.680647
BOUDOUROU,Matam,Ranérou Ferlo,Vélingara,Zone 3 – Matam,3,Terminé 2022,70,Non,Non,15,3,15,0,33,14.866667,-14.416667
DEMEREDIE,Matam,Ranérou Ferlo,Vélingara,Zone 3 – Matam,3,Terminé 2022,70,Non,Non,15,3,15,0,33,15.0020653,-14.680647
GNELMOL,Matam,Ranérou Ferlo,Vélingara,Zone 3 – Matam,3,Terminé 2022,70,Non,Non,15,3,15,0,33,15.0020653,-14.680647
LOUMBI SAMBA,Matam,Ranérou Ferlo,Vélingara,Zone 3 – Matam,3,Terminé 2022,70,Non,Non,15,3,15,0,33,15.0020653,-14.680647
MBELOGNE OUROUBE,Matam,Ranérou Ferlo,Vélingara,Zone 3 – Matam,3,Terminé 2022,70,Non,Non,15,3,15,0,33,15.0020653,-14.680647
Thiafaly,Matam,Ranérou Ferlo,velingara,Zone 3 – Matam,3,Terminé 2018,36,Non,Non,15,3,15,0,33,15.0020653,-14.680647
Dondou,Matam,Matam,Bokidiawé,Zone 3 – Matam,3,Terminé 2001,2761,Non,Non,3,25,15,0,43,16.021154,-13.384526
Sadel,Matam,Matam,Bokidiawé,Zone 3 – Matam,3,Terminé 2001,2110,Non,Non,3,25,15,0,43,15.9,-13.333333
Mboloyel,Matam,Matam,Bokidiawé,Zone 3 – Matam,3,Terminé 2001,899,Non,Non,3,25,15,0,43,15.874715,-13.47512
Gaol,Matam,Matam,Bokidiawé,Zone 3 – Matam,3,Terminé 2012,895,Non,Non,3,25,15,0,43,15.8874592,-13.4917218
Katoté,Matam,Matam,Bokidiawé,Zone 3 – Matam,3,Inconnu,478,Oui,Non,0,20,15,8,43,15.804266,-13.469798
Doumga Rindiaw,Matam,Matam,Bokidiawé,Zone 3 – Matam,3,Inconnu,774,Non,Non,0,25,15,0,40,15.846414,-13.462691
Diowol,Matam,Matam,Bokidiawé,Zone 3 – Matam,3,Terminé 2001,287,Oui,Non,3,14,15,8,40,15.837582,-13.501464
Ballel Pathe,Matam,Matam,Bokidiawé,Zone 3 – Matam,3,Terminé 2010,367,Oui,Non,3,14,15,8,40,15.8874592,-13.4917218
"Diamel(Gaoudal III) ""DIAMEL GAODAL""",Matam,Matam,Bokidiawé,Zone 3 – Matam,3,Terminé 2010,367,Oui,Non,3,14,15,8,40,15.8874592,-13.4917218
Somono,Matam,Matam,Bokidiawé,Zone 3 – Matam,3,Terminé 2010,367,Oui,Non,3,14,15,8,40,15.929581,-13.335116
Diolol,Matam,Matam,Bokidiawé,Zone 3 – Matam,3,Terminé 2001,367,Oui,Non,3,14,15,8,40,15.837582,-13.501464
Gawdal,Matam,Matam,Bokidiawé,Zone 3 – Matam,3,Terminé 2001,367,Oui,Non,3,14,15,8,40,16.048303,-13.431839
Kirire,Matam,Matam,Bokidiawé,Zone 3 – Matam,3,Terminé 2001,367,Oui,Non,3,14,15,8,40,15.866667,-13.533333
Guiraye,Matam,Matam,Bokidiawé,Zone 3 – Matam,3,Terminé 2010,580,Non,Non,3,20,15,0,38,15.8874592,-13.4917218
Kedele,Matam,Matam,Bokidiawé,Zone 3 – Matam,3,Terminé 2001,424,Non,Non,3,20,15,0,38,15.8874592,-13.4917218
DIAM BOURY,Matam,Matam,Oréfondé,Zone 3 – Matam,3,Terminé 2026,367,Oui,Non,25,14,15,8,62,16.0446994,-13.7267521
LOUBAL BALADJI,Matam,Matam,Oréfondé,Zone 3 – Matam,3,Terminé 2026,367,Non,Non,25,14,15,0,54,16.0446994,-13.7267521
St Diamdiore,Matam,Matam,Oréfondé,Zone 3 – Matam,3,Terminé 2001,367,Oui,Non,3,14,15,8,40,16.0446994,-13.7267521
Dialagnol,Matam,Matam,Oréfondé,Zone 3 – Matam,3,Terminé 2012,367,Oui,Non,3,14,15,8,40,16.0446994,-13.7267521
Dialloubé,Matam,Matam,Oréfondé,Zone 3 – Matam,3,Terminé 2012,367,Oui,Non,3,14,15,8,40,16.0446994,-13.7267521
Lobaly,Matam,Matam,Oréfondé,Zone 3 – Matam,3,Terminé 2012,367,Oui,Non,3,14,15,8,40,16.0446994,-13.7267521
Badiya,Matam,Matam,Oréfondé,Zone 3 – Matam,3,Terminé 2015,367,Non,Non,8,14,15,0,37,15.9487580184,-13.7520699423
Diouguél,Matam,Matam,Oréfondé,Zone 3 – Matam,3,Terminé 2015,367,Non,Non,8,14,15,0,37,16.0446994,-13.7267521
LOUMBI SANARABE,Matam,Matam,orefonde,Zone 3 – Matam,3,Terminé 2026,367,Oui,Non,25,14,15,8,62,15.73,-13.88
DENDOUDY,Matam,Matam,orefonde,Zone 3 – Matam,3,Terminé 2026,390,Non,Non,25,14,15,0,54,15.79,-13.9
FAFABE,Matam,Matam,orefonde,Zone 3 – Matam,3,Terminé 2026,367,Non,Non,25,14,15,0,54,15.72,-13.91
FELOU,Matam,Matam,orefonde,Zone 3 – Matam,3,Terminé 2026,367,Non,Non,25,14,15,0,54,16.01,-13.82
LOUNKA KABAL,Matam,Matam,orefonde,Zone 3 – Matam,3,Terminé 2026,367,Non,Non,25,14,15,0,54,15.83,-13.88
Ndiackiri (NDIAKIR),Matam,Matam,orefonde,Zone 3 – Matam,3,Terminé 2026,367,Non,Non,25,14,15,0,54,16.01,-13.7
OURO LAGOU,Matam,Matam,orefonde,Zone 3 – Matam,3,Terminé 2026,367,Non,Non,25,14,15,0,54,15.69,-13.91
THIANGUEL,Matam,Matam,orefonde,Zone 3 – Matam,3,Terminé 2026,367,Non,Non,25,14,15,0,54,16.01,-13.79
BINGUEL DIALOBE,Matam,Ranérou Ferlo,velingara_ferlo,Zone 3 – Matam,3,Terminé 2025,70,Non,Non,25,3,15,0,43,15.0,-14.68
BOKI MBONO,Matam,Ranérou Ferlo,velingara_ferlo,Zone 3 – Matam,3,Terminé 2025,70,Non,Non,25,3,15,0,43,14.69,-14.65
DAYANE MBORNDI,Matam,Ranérou Ferlo,velingara_ferlo,Zone 3 – Matam,3,Terminé 2025,70,Non,Non,25,3,15,0,43,14.75,-14.75
KOUKADJI,Matam,Ranérou Ferlo,velingara_ferlo,Zone 3 – Matam,3,Terminé 2025,70,Non,Non,25,3,15,0,43,14.58,-14.51
NDIOGOS NDIENGUEL,Matam,Ranérou Ferlo,velingara_ferlo,Zone 3 – Matam,3,Terminé 2025,70,Non,Non,25,3,15,0,43,14.86,-14.5
VELINGARA THIANOR,Matam,Ranérou Ferlo,velingara_ferlo,Zone 3 – Matam,3,Terminé 2025,70,Non,Non,25,3,15,0,43,15.0,-14.68
DIAMEL,Matam,Ranérou Ferlo,velingara_ferlo,Zone 3 – Matam,3,Terminé 2022,12,Oui,Non,15,3,15,8,41,15.03,-14.79
GAMBOL,Matam,Ranérou Ferlo,velingara_ferlo,Zone 3 – Matam,3,Terminé 2022,50,Non,Non,15,3,15,0,33,15.0020653,-14.680647
BELEL TOUFLE,Matam,Ranérou Ferlo,velingara_ferlo,Zone 3 – Matam,3,Terminé 2022,70,Non,Non,15,3,15,0,33,14.8857013,-14.5333028
BELEL TOUFLE SINTHIANE,Matam,Ranérou Ferlo,velingara_ferlo,Zone 3 – Matam,3,Terminé 2022,70,Non,Non,15,3,15,0,33,15.0020653,-14.680647
DADY DIAWE,Matam,Ranérou Ferlo,velingara_ferlo,Zone 3 – Matam,3,Terminé 2022,70,Non,Non,15,3,15,0,33,15.0020653,-14.680647
FIRIRE ABDOUL,Matam,Ranérou Ferlo,velingara_ferlo,Zone 3 – Matam,3,Terminé 2022,70,Non,Non,15,3,15,0,33,15.0020653,-14.680647
KOROBEL,Matam,Ranérou Ferlo,velingara_ferlo,Zone 3 – Matam,3,Terminé 2022,70,Non,Non,15,3,15,0,33,15.0020653,-14.680647
MAURE 1,Matam,Ranérou Ferlo,velingara_ferlo,Zone 3 – Matam,3,Terminé 2022,70,Non,Non,15,3,15,0,33,15.0020653,-14.680647
Beli Seno,Matam,Ranérou Ferlo,oudalaye,Zone 3 – Matam,3,Terminé 2021,70,Non,Non,15,3,15,0,33,15.0540614019755,-13.9695210364201
Fourdou,Matam,Ranérou Ferlo,oudalaye,Zone 3 – Matam,3,Terminé 2021,70,Non,Non,15,3,15,0,33,15.0540614019755,-13.9695210364201
Kawel,Matam,Ranérou Ferlo,oudalaye,Zone 3 – Matam,3,Terminé 2021,70,Non,Non,15,3,15,0,33,15.0540614019755,-13.9695210364201
Loumbol,Matam,Ranérou Ferlo,oudalaye,Zone 3 – Matam,3,Terminé 2021,70,Non,Non,15,3,15,0,33,15.0540614019755,-13.9695210364201
Pethiel,Matam,Ranérou Ferlo,oudalaye,Zone 3 – Matam,3,Terminé 2021,70,Non,Non,15,3,15,0,33,15.0540614019755,-13.9695210364201
Wendou Boki Diouwanabe,Matam,Ranérou Ferlo,oudalaye,Zone 3 – Matam,3,Terminé 2021,70,Non,Non,15,3,15,0,33,15.0540614019755,-13.9695210364201
Ogo,Matam,Matam,Nabadji Civol,Zone 3 – Matam,3,Terminé 2001,2432,Non,Non,3,25,11,0,39,15.5522989,-13.2967342
Ndouloumadji Dembe,Matam,Matam,Nabadji Civol,Zone 3 – Matam,3,Inconnu,2375,Non,Non,0,25,11,0,36,15.810299,-13.406088
Thialy Soubalo,Matam,Kanel,Wourou Sidy,Zone 3 – Matam,3,Terminé 2001,580,Oui,Non,3,20,11,8,42,15.516226,-13.105855
Bow,Matam,Kanel,Wourou Sidy,Zone 3 – Matam,3,Terminé 2001,825,Non,Non,3,25,11,0,39,15.4869978499,-13.0967738588
Bondji,Matam,Kanel,Wourou Sidy,Zone 3 – Matam,3,Terminé 2012,335,Oui,Non,3,14,11,8,36,14.997807,-12.634124
Nganno,Matam,Kanel,Wourou Sidy,Zone 3 – Matam,3,Terminé 2006,335,Oui,Non,3,14,11,8,36,15.472744,-13.047172
Dolol Soubalo,Matam,Kanel,Wourou Sidy,Zone 3 – Matam,3,Terminé 2010,279,Non,Non,3,14,11,0,28,15.5784974809,-13.0900604912
Diamel,Matam,Matam,Matam,Zone 3 – Matam,3,Terminé 2001,1377,Oui,Non,3,25,11,8,47,15.0020653,-14.680647
Nawel,Matam,Matam,Matam,Zone 3 – Matam,3,Inconnu,1112,Oui,Non,0,25,11,8,44,15.6600225,-13.2576906
Gande,Matam,Matam,Matam,Zone 3 – Matam,3,Inconnu,2405,Non,Non,0,25,11,0,36,15.056726,-12.591721
Adia,Matam,Ranérou Ferlo,Houdallaye,Zone 3 – Matam,3,Terminé 2014,241,Non,Non,8,14,11,0,33,15.0540614019755,-13.9695210364201
Diella,Matam,Kanel,Orkadiéré,Zone 3 – Matam,3,Terminé 2006,1578,Oui,Non,3,25,11,8,47,15.242957,-12.898881
Darou Salam,Matam,Kanel,Orkadiéré,Zone 3 – Matam,3,Terminé 2012,800,Oui,Non,3,25,11,8,47,15.2815,-12.9637
Barkatou,Matam,Kanel,Orkadiéré,Zone 3 – Matam,3,Terminé 2006,750,Oui,Non,3,25,11,8,47,15.321944,-12.87
Gassambery,Matam,Kanel,Orkadiéré,Zone 3 – Matam,3,Terminé 2006,335,Oui,Non,3,14,11,8,36,15.243858,-12.931851
Sinthiou Walel,Matam,Kanel,Orkadiéré,Zone 3 – Matam,3,Terminé 2006,358,Non,Non,3,14,11,0,28,15.2334006,-12.9807169
Guirdé Lathié,Matam,Ranérou Ferlo,Lougré Thioly,Zone 3 – Matam,3,Terminé 2018,153,Non,Non,15,8,11,0,34,15.5705814,-14.646298
Kossas Namary,Matam,Ranérou Ferlo,Lougré Thioly,Zone 3 – Matam,3,Terminé 2018,152,Non,Non,15,8,11,0,34,15.5705814,-14.646298
Tekinguel,Matam,Kanel,Hamady Hounaré,Zone 3 – Matam,3,Terminé 2006,1268,Oui,Non,3,25,11,8,47,15.4258408,-13.1766838
Walel,Matam,Kanel,Hamady Hounaré,Zone 3 – Matam,3,Terminé 2006,744,Non,Non,3,25,11,0,39,15.231493,-12.984252
Sylla worgo,Matam,Matam,Agnam Civol,Zone 3 – Matam,3,Terminé 2015,251,Oui,Non,8,14,11,8,41,16.0068567,-13.6878382
Ndafane Béli (ndiaffane beli thindy),Matam,Matam,Agnam Civol,Zone 3 – Matam,3,Terminé 2015,367,Oui,Non,8,14,11,8,41,16.0068567,-13.6878382
Toulél thiallé,Matam,Matam,Agnam Civol,Zone 3 – Matam,3,Terminé 2015,367,Oui,Non,8,14,11,8,41,15.983333,-13.633333
Agnam Godo,Matam,Matam,Agnam Civol,Zone 3 – Matam,3,Terminé 2001,794,Non,Non,3,25,11,0,39,16.007932,-13.69318
Thioukoungal,Matam,Ranérou Ferlo,loughere_thioly,Zone 3 – Matam,3,Terminé 2018,141,Non,Non,15,8,11,0,34,15.5705814,-14.646298
Dayoute,Matam,Ranérou Ferlo,loughere_thioly,Zone 3 – Matam,3,Terminé 2021,114,Non,Non,15,8,11,0,34,15.5705814,-14.646298
Yacine Lacke,Matam,Kanel,Bokiladji,Zone 3 – Matam,3,Terminé 2010,1497,Non,Non,3,25,7,0,35,15.04876,-12.683094
Bokiladji,Matam,Kanel,Bokiladji,Zone 3 – Matam,3,Terminé 2010,921,Non,Non,3,25,7,0,35,15.057343,-12.746721
Tekinguel,Matam,Kanel,Ndendory,Zone 3 – Matam,3,Terminé 2001,1268,Oui,Non,3,25,7,8,43,15.310268,-13.130608
Ndendory,Matam,Kanel,Ndendory,Zone 3 – Matam,3,Terminé 2001,2524,Non,Non,3,25,7,0,35,15.4258408,-13.1766838
Seno Palel,Matam,Kanel,Ndendory,Zone 3 – Matam,3,Terminé 2001,1816,Non,Non,3,25,7,0,35,15.4258408,-13.1766838
Wendou Nodi,Matam,Kanel,Ndendory,Zone 3 – Matam,3,Terminé 2001,1311,Non,Non,3,25,7,0,35,15.4258408,-13.1766838
Yerimale Torobe,Matam,Kanel,Aouré,Zone 3 – Matam,3,Terminé 2006,1020,Non,Non,3,25,7,0,35,15.144856,-12.946432
Hoha,Matam,Kanel,Kanel,Zone 3 – Matam,3,Terminé 2006,916,Non,Non,3,25,3,0,31,15.4884265,-13.1754767
